Offense,Defense,Week,Start xPts,End xPts
ARI,DET,1,1.81,1.30
ARI,DET,1,2.28,0.00
ARI,DET,1,4.83,2.90
ARI,DET,1,1.76,1.23
ARI,DET,1,1.67,0.00
ARI,DET,1,2.14,2.78
ARI,DET,1,1.01,7.00
ARI,DET,1,1.71,1.71
ARI,DET,1,1.90,0.00
ARI,DET,1,1.90,0.00
ARI,DET,1,1.90,1.90
ARI,DET,1,1.90,7.00
ATL,CHI,1,1.10,2.14
ATL,CHI,1,2.14,0.00
ATL,CHI,1,1.90,0.00
ATL,CHI,1,1.52,7.00
ATL,CHI,1,1.90,0.00
ATL,CHI,1,1.67,0.00
ATL,CHI,1,1.38,2.85
ATL,CHI,1,0.96,7.00
ATL,CHI,1,1.90,2.65
ATL,CHI,1,1.38,0.00
BAL,CIN,1,2.42,2.89
BAL,CIN,1,2.94,0.00
BAL,CIN,1,1.95,0.00
BAL,CIN,1,1.85,7.00
BAL,CIN,1,5.81,7.00
BAL,CIN,1,2.47,0.00
BAL,CIN,1,1.90,0.94
BAL,CIN,1,1.29,2.89
BAL,CIN,1,1.43,0.00
BAL,CIN,1,1.10,0.00
BAL,CIN,1,1.38,0.00
BAL,CIN,1,2.80,0.00
BUF,NYJ,1,1.90,3.89
BUF,NYJ,1,1.67,0.00
BUF,NYJ,1,1.81,7.00
BUF,NYJ,1,1.90,2.26
BUF,NYJ,1,1.90,0.00
BUF,NYJ,1,2.23,0.00
BUF,NYJ,1,2.42,7.00
BUF,NYJ,1,1.67,7.00
BUF,NYJ,1,0.91,0.00
BUF,NYJ,1,1.81,0.00
BUF,NYJ,1,1.52,0.00
BUF,NYJ,1,3.22,0.00
CAR,SF,1,1.90,0.00
CAR,SF,1,1.38,0.00
CAR,SF,1,3.46,7.00
CAR,SF,1,1.76,0.00
CAR,SF,1,1.90,3.32
CAR,SF,1,3.18,2.58
CAR,SF,1,2.85,2.68
CAR,SF,1,4.12,7.00
CAR,SF,1,2.23,2.93
CAR,SF,1,1.90,2.56
CAR,SF,1,0.77,0.00
CHI,ATL,1,1.95,0.00
CHI,ATL,1,1.81,1.72
CHI,ATL,1,2.47,0.00
CHI,ATL,1,1.90,7.00
CHI,ATL,1,1.90,0.00
CHI,ATL,1,2.85,0.00
CHI,ATL,1,2.09,0.00
CHI,ATL,1,1.90,7.00
CHI,ATL,1,1.57,0.00
CIN,BAL,1,1.90,0.00
CIN,BAL,1,1.90,3.60
CIN,BAL,1,1.15,3.90
CIN,BAL,1,2.61,0.00
CIN,BAL,1,1.34,1.11
CIN,BAL,1,1.90,0.00
CIN,BAL,1,4.21,4.33
CIN,BAL,1,1.90,0.00
CIN,BAL,1,2.14,0.00
CIN,BAL,1,2.99,0.00
CIN,BAL,1,2.70,2.42
CIN,BAL,1,1.34,0.00
CLE,PIT,1,1.90,0.00
CLE,PIT,1,1.90,0.00
CLE,PIT,1,2.23,7.00
CLE,PIT,1,1.76,0.00
CLE,PIT,1,2.61,0.00
CLE,PIT,1,2.42,0.00
CLE,PIT,1,1.24,0.00
CLE,PIT,1,2.66,2.90
CLE,PIT,1,1.90,4.07
CLE,PIT,1,2.19,0.00
CLE,PIT,1,2.00,7.00
DAL,NYG,1,1.85,0.00
DAL,NYG,1,2.89,2.93
DAL,NYG,1,2.09,2.14
DAL,NYG,1,1.71,0.00
DAL,NYG,1,2.37,7.00
DAL,NYG,1,1.85,2.42
DAL,NYG,1,1.57,0.00
DAL,NYG,1,1.67,0.00
DAL,NYG,1,2.99,2.68
DEN,SD,1,1.90,0.00
DEN,SD,1,2.14,7.00
DEN,SD,1,1.90,0.00
DEN,SD,1,2.80,7.00
DEN,SD,1,1.57,0.00
DEN,SD,1,3.41,7.00
DEN,SD,1,1.67,2.93
DEN,SD,1,3.13,1.84
DEN,SD,1,2.52,2.29
DEN,SD,1,1.90,2.01
DEN,SD,1,1.43,0.00
DEN,SD,1,2.33,0.00
DET,ARI,1,4.21,4.10
DET,ARI,1,1.43,0.00
DET,ARI,1,1.38,0.00
DET,ARI,1,1.05,0.00
DET,ARI,1,3.46,7.00
DET,ARI,1,2.52,0.00
DET,ARI,1,1.76,1.42
DET,ARI,1,1.90,0.00
DET,ARI,1,1.48,0.00
DET,ARI,1,4.97,7.00
DET,ARI,1,2.28,7.00
DET,ARI,1,2.04,7.00
DET,ARI,1,3.37,0.00
GB,SEA,1,1.52,3.93
GB,SEA,1,0.82,0.00
GB,SEA,1,1.29,0.00
GB,SEA,1,0.96,0.00
GB,SEA,1,2.09,0.00
GB,SEA,1,1.90,0.00
GB,SEA,1,5.39,7.00
GB,SEA,1,1.90,7.00
GB,SEA,1,1.90,2.55
GB,SEA,1,1.90,0.00
HOU,JAC,1,1.90,0.00
HOU,JAC,1,1.67,0.00
HOU,JAC,1,1.90,0.00
HOU,JAC,1,2.28,0.00
HOU,JAC,1,2.52,2.89
HOU,JAC,1,1.90,2.70
HOU,JAC,1,1.90,0.00
HOU,JAC,1,1.90,7.00
HOU,JAC,1,1.90,2.85
HOU,JAC,1,2.09,0.00
HOU,JAC,1,2.47,3.27
HOU,JAC,1,1.24,0.00
IND,LA,1,1.90,0.61
IND,LA,1,1.90,2.93
IND,LA,1,1.05,1.37
IND,LA,1,1.05,0.00
IND,LA,1,1.90,0.00
IND,LA,1,1.90,0.00
IND,LA,1,1.90,0.00
IND,LA,1,1.90,0.00
IND,LA,1,4.31,2.62
IND,LA,1,1.90,1.90
IND,LA,1,1.90,0.00
IND,LA,1,1.01,0.00
IND,LA,1,1.48,7.00
IND,LA,1,1.19,-2.00
IND,LA,1,1.90,0.00
JAC,HOU,1,1.90,2.46
JAC,HOU,1,2.52,0.00
JAC,HOU,1,1.48,2.89
JAC,HOU,1,1.90,0.00
JAC,HOU,1,1.62,0.00
JAC,HOU,1,2.94,7.00
JAC,HOU,1,1.90,7.00
JAC,HOU,1,2.66,2.58
JAC,HOU,1,1.90,0.00
JAC,HOU,1,4.17,2.62
JAC,HOU,1,4.78,0.00
KC,NE,1,1.90,1.90
KC,NE,1,1.19,7.00
KC,NE,1,2.85,0.00
KC,NE,1,1.81,0.00
KC,NE,1,1.10,7.00
KC,NE,1,1.90,0.00
KC,NE,1,1.90,7.00
KC,NE,1,1.38,0.00
KC,NE,1,1.34,0.00
KC,NE,1,1.19,7.00
KC,NE,1,2.61,0.00
KC,NE,1,2.61,7.00
KC,NE,1,1.71,7.00
KC,NE,1,3.46,0.00
LA,IND,1,1.90,2.01
LA,IND,1,1.90,0.00
LA,IND,1,3.84,0.00
LA,IND,1,2.19,7.00
LA,IND,1,2.70,7.00
LA,IND,1,2.61,2.71
LA,IND,1,2.04,2.37
LA,IND,1,2.61,0.00
LA,IND,1,2.23,0.00
LA,IND,1,2.70,0.00
LA,IND,1,2.75,7.00
LA,IND,1,1.43,0.00
MIN,NO,1,1.43,2.89
MIN,NO,1,1.90,0.00
MIN,NO,1,1.95,7.00
MIN,NO,1,0.96,7.00
MIN,NO,1,2.28,2.80
MIN,NO,1,2.23,0.00
MIN,NO,1,1.24,7.00
MIN,NO,1,1.90,2.31
MIN,NO,1,3.18,0.00
NE,KC,1,2.00,7.00
NE,KC,1,3.93,0.00
NE,KC,1,1.90,2.88
NE,KC,1,1.57,7.00
NE,KC,1,2.61,0.00
NE,KC,1,1.57,0.00
NE,KC,1,1.52,0.00
NE,KC,1,1.90,0.00
NE,KC,1,2.89,7.00
NE,KC,1,2.04,2.78
NE,KC,1,1.90,0.00
NE,KC,1,1.34,0.00
NE,KC,1,1.90,0.00
NE,KC,1,1.38,0.00
NO,MIN,1,1.62,2.42
NO,MIN,1,1.90,0.00
NO,MIN,1,1.85,2.93
NO,MIN,1,1.90,0.00
NO,MIN,1,1.90,0.00
NO,MIN,1,1.24,2.90
NO,MIN,1,1.90,2.93
NO,MIN,1,1.90,7.00
NYG,DAL,1,1.01,0.00
NYG,DAL,1,1.90,0.00
NYG,DAL,1,1.24,0.00
NYG,DAL,1,1.15,0.00
NYG,DAL,1,1.90,0.00
NYG,DAL,1,1.90,0.00
NYG,DAL,1,1.90,2.89
NYG,DAL,1,1.19,0.00
NYG,DAL,1,1.19,2.66
NYG,DAL,1,1.38,0.00
NYJ,BUF,1,2.00,0.00
NYJ,BUF,1,1.48,0.00
NYJ,BUF,1,1.90,2.14
NYJ,BUF,1,2.42,1.87
NYJ,BUF,1,1.67,0.00
NYJ,BUF,1,1.90,0.00
NYJ,BUF,1,1.71,0.00
NYJ,BUF,1,1.90,7.00
NYJ,BUF,1,1.52,0.00
NYJ,BUF,1,3.60,2.52
NYJ,BUF,1,2.70,0.00
NYJ,BUF,1,2.66,2.66
OAK,TEN,1,3.08,7.00
OAK,TEN,1,1.90,2.93
OAK,TEN,1,1.38,0.00
OAK,TEN,1,1.90,1.87
OAK,TEN,1,1.15,0.00
OAK,TEN,1,2.47,1.87
OAK,TEN,1,2.14,7.00
OAK,TEN,1,1.67,0.00
OAK,TEN,1,2.66,2.42
OAK,TEN,1,2.70,0.00
PHI,WAS,1,2.80,7.00
PHI,WAS,1,3.18,3.25
PHI,WAS,1,1.34,0.00
PHI,WAS,1,3.60,7.00
PHI,WAS,1,1.01,1.02
PHI,WAS,1,1.90,0.00
PHI,WAS,1,1.90,2.01
PHI,WAS,1,1.90,2.46
PHI,WAS,1,1.95,0.00
PHI,WAS,1,1.43,0.00
PHI,WAS,1,2.94,2.62
PHI,WAS,1,2.70,0.00
PIT,CLE,1,1.95,0.00
PIT,CLE,1,1.90,0.00
PIT,CLE,1,1.01,0.00
PIT,CLE,1,1.38,0.00
PIT,CLE,1,1.15,7.00
PIT,CLE,1,1.90,0.00
PIT,CLE,1,1.90,7.00
PIT,CLE,1,2.33,2.84
PIT,CLE,1,1.85,0.00
PIT,CLE,1,1.67,0.00
SEA,GB,1,2.56,0.00
SEA,GB,1,3.08,0.00
SEA,GB,1,1.90,0.00
SEA,GB,1,1.67,0.00
SEA,GB,1,2.23,0.00
SEA,GB,1,1.24,2.76
SEA,GB,1,1.71,-0.42
SEA,GB,1,1.95,2.93
SEA,GB,1,1.95,0.00
SEA,GB,1,1.90,2.51
SF,CAR,1,1.57,0.00
SF,CAR,1,1.85,2.55
SF,CAR,1,1.90,0.00
SF,CAR,1,2.00,0.00
SF,CAR,1,2.52,0.00
SF,CAR,1,1.90,0.00
SF,CAR,1,1.90,2.56
SF,CAR,1,1.90,0.00
SF,CAR,1,1.90,2.37
SF,CAR,1,3.98,0.00
TEN,OAK,1,1.90,7.00
TEN,OAK,1,1.90,0.00
TEN,OAK,1,0.82,2.91
TEN,OAK,1,1.90,0.00
TEN,OAK,1,1.67,0.00
TEN,OAK,1,1.90,2.88
TEN,OAK,1,2.37,0.00
TEN,OAK,1,1.67,1.87
TEN,OAK,1,1.90,1.87
SD,DEN,1,1.24,0.00
SD,DEN,1,1.90,7.00
SD,DEN,1,1.43,0.00
SD,DEN,1,1.90,0.00
SD,DEN,1,1.90,1.03
SD,DEN,1,1.90,0.00
SD,DEN,1,1.90,0.00
SD,DEN,1,3.41,7.00
SD,DEN,1,3.65,7.00
SD,DEN,1,2.61,0.00
SD,DEN,1,2.52,2.37
WAS,PHI,1,1.48,0.00
WAS,PHI,1,1.90,2.64
WAS,PHI,1,3.08,0.00
WAS,PHI,1,1.85,0.00
WAS,PHI,1,2.19,7.00
WAS,PHI,1,1.62,2.76
WAS,PHI,1,2.42,3.72
WAS,PHI,1,0.77,0.00
WAS,PHI,1,1.90,1.99
WAS,PHI,1,2.33,0.00
ARI,IND,2,1.90,0.00
ARI,IND,2,1.57,0.00
ARI,IND,2,1.90,0.00
ARI,IND,2,2.47,2.86
ARI,IND,2,2.04,4.21
ARI,IND,2,1.34,0.00
ARI,IND,2,1.34,0.00
ARI,IND,2,1.43,7.00
ARI,IND,2,2.52,2.55
ARI,IND,2,1.43,0.00
ARI,IND,2,3.03,2.46
ARI,IND,2,4.45,0.00
ATL,GB,2,1.38,7.00
ATL,GB,2,1.90,0.00
ATL,GB,2,1.34,7.00
ATL,GB,2,1.15,1.94
ATL,GB,2,2.80,0.00
ATL,GB,2,3.74,7.00
ATL,GB,2,1.90,1.79
ATL,GB,2,1.90,0.00
ATL,GB,2,1.71,0.00
BAL,CLE,2,2.04,0.00
BAL,CLE,2,3.88,7.00
BAL,CLE,2,2.04,2.52
BAL,CLE,2,2.42,7.00
BAL,CLE,2,1.90,0.00
BAL,CLE,2,2.23,1.42
BAL,CLE,2,3.55,7.00
BAL,CLE,2,1.90,0.00
BAL,CLE,2,1.90,0.00
BAL,CLE,2,2.47,2.85
BAL,CLE,2,1.67,3.22
BAL,CLE,2,2.37,0.00
BAL,CLE,2,1.81,0.00
BUF,CAR,2,1.90,0.00
BUF,CAR,2,1.19,0.00
BUF,CAR,2,0.82,0.00
BUF,CAR,2,1.90,0.00
BUF,CAR,2,1.71,0.00
BUF,CAR,2,1.90,0.00
BUF,CAR,2,1.71,0.00
BUF,CAR,2,1.38,0.00
BUF,CAR,2,2.75,2.31
BUF,CAR,2,1.90,0.00
CAR,BUF,2,1.90,2.74
CAR,BUF,2,1.38,0.00
CAR,BUF,2,2.61,0.00
CAR,BUF,2,2.80,2.85
CAR,BUF,2,2.52,0.00
CAR,BUF,2,2.89,0.00
CAR,BUF,2,2.14,0.00
CAR,BUF,2,1.57,0.00
CAR,BUF,2,1.90,2.93
CAR,BUF,2,2.28,0.00
CHI,TB,2,1.90,4.40
CHI,TB,2,1.34,1.72
CHI,TB,2,1.95,1.42
CHI,TB,2,1.90,0.00
CHI,TB,2,1.90,0.00
CHI,TB,2,2.37,0.00
CHI,TB,2,1.19,0.00
CHI,TB,2,2.89,0.00
CHI,TB,2,2.52,7.00
CIN,HOU,2,2.89,0.00
CIN,HOU,2,2.85,0.00
CIN,HOU,2,3.60,3.07
CIN,HOU,2,2.42,2.58
CIN,HOU,2,1.38,0.00
CIN,HOU,2,1.67,0.00
CIN,HOU,2,1.90,2.84
CIN,HOU,2,1.90,2.82
CIN,HOU,2,1.24,0.00
CIN,HOU,2,1.90,0.00
CIN,HOU,2,2.94,0.00
CIN,HOU,2,2.19,0.00
CIN,HOU,2,1.67,0.00
CLE,BAL,2,1.90,0.00
CLE,BAL,2,1.15,1.00
CLE,BAL,2,1.90,3.27
CLE,BAL,2,1.15,0.00
CLE,BAL,2,1.52,7.00
CLE,BAL,2,1.05,0.00
CLE,BAL,2,2.99,3.03
CLE,BAL,2,1.57,2.62
CLE,BAL,2,1.38,0.00
CLE,BAL,2,1.90,4.64
CLE,BAL,2,3.13,2.36
CLE,BAL,2,1.67,0.00
DAL,DEN,2,1.90,0.00
DAL,DEN,2,1.90,0.00
DAL,DEN,2,2.56,0.00
DAL,DEN,2,5.71,7.00
DAL,DEN,2,1.90,0.00
DAL,DEN,2,1.90,1.57
DAL,DEN,2,1.90,2.08
DAL,DEN,2,1.90,0.00
DAL,DEN,2,3.60,7.00
DAL,DEN,2,1.62,0.00
DAL,DEN,2,2.37,0.00
DAL,DEN,2,3.70,3.45
DAL,DEN,2,1.90,0.00
DEN,DAL,2,1.76,7.00
DEN,DAL,2,1.01,2.07
DEN,DAL,2,1.67,0.90
DEN,DAL,2,1.62,7.00
DEN,DAL,2,3.03,7.00
DEN,DAL,2,1.90,0.00
DEN,DAL,2,1.90,7.00
DEN,DAL,2,4.36,7.00
DEN,DAL,2,2.70,2.70
DEN,DAL,2,1.90,0.00
DEN,DAL,2,1.01,0.00
DEN,DAL,2,1.05,0.00
DET,NYG,2,1.62,0.00
DET,NYG,2,2.89,7.00
DET,NYG,2,3.32,2.71
DET,NYG,2,4.07,7.00
DET,NYG,2,2.04,0.00
DET,NYG,2,1.90,1.57
DET,NYG,2,1.95,0.00
DET,NYG,2,1.90,0.00
DET,NYG,2,3.08,0.00
DET,NYG,2,2.09,0.00
GB,ATL,2,1.90,7.00
GB,ATL,2,2.42,0.00
GB,ATL,2,1.90,0.00
GB,ATL,2,1.90,0.00
GB,ATL,2,0.96,0.10
GB,ATL,2,1.90,0.00
GB,ATL,2,1.90,1.78
GB,ATL,2,1.90,2.85
GB,ATL,2,1.90,7.00
GB,ATL,2,1.43,7.00
GB,ATL,2,1.29,0.00
HOU,CIN,2,1.90,0.00
HOU,CIN,2,0.86,0.00
HOU,CIN,2,1.43,0.00
HOU,CIN,2,4.50,2.88
HOU,CIN,2,1.90,0.00
HOU,CIN,2,1.67,0.00
HOU,CIN,2,1.01,7.00
HOU,CIN,2,1.90,0.00
HOU,CIN,2,1.48,0.00
HOU,CIN,2,1.10,0.00
HOU,CIN,2,1.19,2.46
HOU,CIN,2,3.37,0.00
IND,ARI,2,2.94,7.00
IND,ARI,2,2.61,2.26
IND,ARI,2,0.77,0.00
IND,ARI,2,1.67,0.00
IND,ARI,2,2.37,0.00
IND,ARI,2,1.90,0.00
IND,ARI,2,1.90,0.00
IND,ARI,2,1.34,2.84
IND,ARI,2,1.85,0.00
IND,ARI,2,1.90,0.00
IND,ARI,2,1.34,0.00
IND,ARI,2,1.95,1.95
JAC,TEN,2,1.85,2.42
JAC,TEN,2,1.90,0.00
JAC,TEN,2,2.09,0.00
JAC,TEN,2,2.66,1.90
JAC,TEN,2,1.48,1.94
JAC,TEN,2,1.90,1.03
JAC,TEN,2,1.90,0.00
JAC,TEN,2,1.15,0.00
JAC,TEN,2,1.43,0.00
JAC,TEN,2,1.90,7.00
JAC,TEN,2,1.81,7.00
KC,PHI,2,1.24,2.74
KC,PHI,2,1.90,0.00
KC,PHI,2,2.14,0.00
KC,PHI,2,2.47,0.00
KC,PHI,2,4.31,2.58
KC,PHI,2,1.34,0.00
KC,PHI,2,1.52,7.00
KC,PHI,2,2.33,0.00
KC,PHI,2,3.98,7.00
KC,PHI,2,2.80,7.00
LA,WAS,2,1.90,0.00
LA,WAS,2,0.82,0.00
LA,WAS,2,2.04,2.04
LA,WAS,2,1.90,7.00
LA,WAS,2,2.23,2.78
LA,WAS,2,1.90,0.00
LA,WAS,2,1.10,0.00
LA,WAS,2,1.05,7.00
LA,WAS,2,2.66,0.00
LA,WAS,2,1.90,2.55
LA,WAS,2,2.04,2.04
MIA,SD,2,1.57,2.82
MIA,SD,2,1.29,0.00
MIA,SD,2,1.52,0.00
MIA,SD,2,2.33,0.00
MIA,SD,2,2.28,0.00
MIA,SD,2,1.90,7.00
MIA,SD,2,1.81,2.85
MIA,SD,2,1.62,2.71
MIA,SD,2,3.03,1.72
MIA,SD,2,2.33,0.00
MIN,PIT,2,1.95,0.00
MIN,PIT,2,1.90,0.00
MIN,PIT,2,1.90,2.46
MIN,PIT,2,2.80,0.00
MIN,PIT,2,2.70,0.00
MIN,PIT,2,1.15,0.00
MIN,PIT,2,2.14,0.00
MIN,PIT,2,1.57,7.00
MIN,PIT,2,1.52,0.00
MIN,PIT,2,0.77,0.00
MIN,PIT,2,1.90,0.00
MIN,PIT,2,1.90,0.28
NE,NO,2,1.90,7.00
NE,NO,2,1.90,7.00
NE,NO,2,2.28,7.00
NE,NO,2,1.90,0.00
NE,NO,2,1.90,7.00
NE,NO,2,1.90,2.85
NE,NO,2,1.24,0.00
NE,NO,2,2.56,2.90
NE,NO,2,1.24,2.86
NE,NO,2,3.37,0.00
NO,NE,2,2.52,2.26
NO,NE,2,2.04,0.00
NO,NE,2,1.67,7.00
NO,NE,2,2.56,2.74
NO,NE,2,2.09,0.00
NO,NE,2,1.90,0.00
NO,NE,2,2.33,2.07
NO,NE,2,2.28,0.00
NO,NE,2,1.90,7.00
NO,NE,2,1.10,0.00
NYG,DET,2,1.48,0.00
NYG,DET,2,1.90,7.00
NYG,DET,2,2.42,2.42
NYG,DET,2,1.90,0.00
NYG,DET,2,2.47,0.00
NYG,DET,2,1.95,0.00
NYG,DET,2,1.90,0.00
NYG,DET,2,1.90,2.89
NYG,DET,2,1.62,0.00
NYG,DET,2,1.90,0.00
NYG,DET,2,1.15,0.00
NYG,DET,2,1.85,0.00
NYJ,OAK,2,2.61,0.00
NYJ,OAK,2,2.52,0.00
NYJ,OAK,2,1.90,7.00
NYJ,OAK,2,1.19,2.26
NYJ,OAK,2,1.90,0.00
NYJ,OAK,2,2.28,2.55
NYJ,OAK,2,1.90,0.00
NYJ,OAK,2,1.90,1.90
NYJ,OAK,2,1.90,7.00
NYJ,OAK,2,1.90,0.00
OAK,NYJ,2,1.48,0.00
OAK,NYJ,2,1.62,7.00
OAK,NYJ,2,1.43,7.00
OAK,NYJ,2,1.43,0.00
OAK,NYJ,2,1.90,0.00
OAK,NYJ,2,5.60,7.00
OAK,NYJ,2,1.48,7.00
OAK,NYJ,2,1.71,7.00
OAK,NYJ,2,4.59,7.00
OAK,NYJ,2,3.18,2.84
PHI,KC,2,1.95,2.74
PHI,KC,2,1.67,0.00
PHI,KC,2,1.05,0.00
PHI,KC,2,1.90,2.84
PHI,KC,2,1.90,0.00
PHI,KC,2,1.62,7.00
PHI,KC,2,2.33,2.55
PHI,KC,2,1.67,0.78
PHI,KC,2,1.90,0.00
PHI,KC,2,1.90,7.00
PHI,KC,2,3.60,0.00
PIT,MIN,2,1.95,0.00
PIT,MIN,2,1.76,7.00
PIT,MIN,2,2.61,7.00
PIT,MIN,2,1.90,0.00
PIT,MIN,2,1.24,0.00
PIT,MIN,2,1.29,0.00
PIT,MIN,2,3.74,2.26
PIT,MIN,2,1.43,2.84
PIT,MIN,2,1.62,0.00
PIT,MIN,2,1.52,2.65
PIT,MIN,2,4.03,2.42
PIT,MIN,2,3.60,0.00
SEA,SF,2,1.90,2.89
SEA,SF,2,1.52,0.00
SEA,SF,2,3.74,2.86
SEA,SF,2,0.86,0.00
SEA,SF,2,1.62,0.00
SEA,SF,2,1.90,0.00
SEA,SF,2,1.76,0.00
SEA,SF,2,1.05,0.00
SEA,SF,2,2.70,0.00
SEA,SF,2,2.28,0.00
SEA,SF,2,1.57,7.00
SEA,SF,2,1.29,0.00
SF,SEA,2,1.90,0.00
SF,SEA,2,2.56,2.56
SF,SEA,2,2.23,0.00
SF,SEA,2,2.37,0.00
SF,SEA,2,1.24,2.55
SF,SEA,2,2.23,2.65
SF,SEA,2,1.95,0.00
SF,SEA,2,1.01,0.00
SF,SEA,2,1.34,0.00
SF,SEA,2,2.14,2.74
SF,SEA,2,1.67,0.00
TB,CHI,2,1.90,2.46
TB,CHI,2,2.52,0.00
TB,CHI,2,4.83,7.00
TB,CHI,2,3.79,7.00
TB,CHI,2,1.67,2.01
TB,CHI,2,1.76,4.06
TB,CHI,2,1.10,2.91
TB,CHI,2,1.38,0.00
TB,CHI,2,1.05,0.00
TB,CHI,2,1.90,0.00
TEN,JAC,2,1.90,0.00
TEN,JAC,2,1.90,2.55
TEN,JAC,2,2.04,0.00
TEN,JAC,2,1.38,0.00
TEN,JAC,2,3.60,4.31
TEN,JAC,2,2.56,2.51
TEN,JAC,2,3.60,2.88
TEN,JAC,2,3.84,7.00
TEN,JAC,2,3.13,7.00
TEN,JAC,2,1.38,7.00
TEN,JAC,2,4.26,7.00
TEN,JAC,2,1.67,0.00
SD,MIA,2,1.90,0.00
SD,MIA,2,1.90,0.00
SD,MIA,2,3.27,2.51
SD,MIA,2,2.14,7.00
SD,MIA,2,1.67,2.42
SD,MIA,2,1.81,7.00
SD,MIA,2,1.71,0.00
SD,MIA,2,1.01,0.00
SD,MIA,2,1.67,2.37
WAS,LA,2,1.71,2.55
WAS,LA,2,2.37,7.00
WAS,LA,2,4.03,2.92
WAS,LA,2,1.90,0.00
WAS,LA,2,1.90,7.00
WAS,LA,2,2.85,0.00
WAS,LA,2,1.90,0.00
WAS,LA,2,1.48,1.94
WAS,LA,2,1.01,0.00
WAS,LA,2,2.14,7.00
WAS,LA,2,4.55,0.00
ARI,DAL,3,1.57,7.00
ARI,DAL,3,1.67,2.68
ARI,DAL,3,2.80,0.00
ARI,DAL,3,1.19,0.00
ARI,DAL,3,1.90,0.00
ARI,DAL,3,1.05,0.00
ARI,DAL,3,1.76,0.00
ARI,DAL,3,2.89,7.00
ARI,DAL,3,0.91,0.00
ARI,DAL,3,1.90,2.65
ARI,DAL,3,1.90,0.00
ARI,DAL,3,1.34,0.00
ATL,DET,3,1.90,7.00
ATL,DET,3,2.09,2.68
ATL,DET,3,2.42,7.00
ATL,DET,3,1.90,1.90
ATL,DET,3,1.90,2.14
ATL,DET,3,2.00,0.00
ATL,DET,3,3.51,2.55
ATL,DET,3,1.34,1.95
ATL,DET,3,1.90,7.00
ATL,DET,3,1.90,3.90
ATL,DET,3,1.10,0.00
ATL,DET,3,2.47,0.00
BAL,JAC,3,2.61,0.00
BAL,JAC,3,1.90,0.00
BAL,JAC,3,1.90,0.00
BAL,JAC,3,1.90,0.00
BAL,JAC,3,1.67,1.67
BAL,JAC,3,1.90,0.00
BAL,JAC,3,1.90,0.00
BAL,JAC,3,0.96,0.89
BAL,JAC,3,1.90,3.32
BAL,JAC,3,1.90,0.00
BAL,JAC,3,1.90,0.00
BAL,JAC,3,1.85,7.00
BUF,DEN,3,2.70,0.00
BUF,DEN,3,1.67,0.00
BUF,DEN,3,1.95,7.00
BUF,DEN,3,1.90,0.00
BUF,DEN,3,3.93,2.07
BUF,DEN,3,1.90,1.64
BUF,DEN,3,1.76,0.00
BUF,DEN,3,2.19,7.00
BUF,DEN,3,3.93,0.00
BUF,DEN,3,3.98,1.87
BUF,DEN,3,2.52,2.86
BUF,DEN,3,2.75,0.00
CAR,NO,3,1.90,2.78
CAR,NO,3,1.90,2.14
CAR,NO,3,1.24,1.85
CAR,NO,3,1.90,0.00
CAR,NO,3,1.90,0.00
CAR,NO,3,1.52,7.00
CAR,NO,3,1.90,1.03
CAR,NO,3,2.89,1.63
CAR,NO,3,2.23,0.00
CAR,NO,3,1.71,0.00
CHI,PIT,3,1.95,0.00
CHI,PIT,3,4.07,7.00
CHI,PIT,3,3.08,2.20
CHI,PIT,3,1.57,0.00
CHI,PIT,3,1.90,7.00
CHI,PIT,3,5.92,2.91
CHI,PIT,3,1.76,0.00
CHI,PIT,3,1.67,1.55
CHI,PIT,3,1.90,0.00
CHI,PIT,3,1.15,0.17
CHI,PIT,3,1.90,0.00
CHI,PIT,3,1.15,0.00
CHI,PIT,3,1.95,7.00
CIN,GB,3,1.71,7.00
CIN,GB,3,1.90,0.00
CIN,GB,3,2.61,7.00
CIN,GB,3,1.01,0.00
CIN,GB,3,2.47,0.00
CIN,GB,3,1.90,0.00
CIN,GB,3,3.22,2.14
CIN,GB,3,1.90,0.00
CIN,GB,3,1.15,2.26
CIN,GB,3,1.90,0.00
CIN,GB,3,1.90,0.00
CLE,IND,3,1.90,0.00
CLE,IND,3,2.00,0.00
CLE,IND,3,1.57,0.00
CLE,IND,3,1.90,7.00
CLE,IND,3,1.90,0.00
CLE,IND,3,1.90,0.00
CLE,IND,3,1.90,7.00
CLE,IND,3,2.70,4.64
CLE,IND,3,2.14,0.00
CLE,IND,3,3.37,2.09
CLE,IND,3,1.90,0.00
CLE,IND,3,2.70,7.00
CLE,IND,3,2.14,7.00
CLE,IND,3,1.15,0.08
DAL,ARI,3,1.90,0.00
DAL,ARI,3,1.95,0.00
DAL,ARI,3,1.01,0.00
DAL,ARI,3,3.88,7.00
DAL,ARI,3,1.90,0.00
DAL,ARI,3,3.27,7.00
DAL,ARI,3,1.24,0.00
DAL,ARI,3,1.81,0.00
DAL,ARI,3,3.08,7.00
DAL,ARI,3,1.90,7.00
DAL,ARI,3,2.52,0.00
DAL,ARI,3,0.86,0.00
DEN,BUF,3,1.90,0.00
DEN,BUF,3,1.67,0.00
DEN,BUF,3,2.00,2.62
DEN,BUF,3,1.71,7.00
DEN,BUF,3,0.96,0.00
DEN,BUF,3,1.90,2.71
DEN,BUF,3,2.66,2.85
DEN,BUF,3,1.90,-0.12
DEN,BUF,3,1.29,0.00
DEN,BUF,3,2.52,4.31
DEN,BUF,3,1.76,0.00
DET,ATL,3,1.24,0.00
DET,ATL,3,1.90,1.64
DET,ATL,3,1.90,2.55
DET,ATL,3,1.90,0.00
DET,ATL,3,1.90,0.00
DET,ATL,3,1.90,7.00
DET,ATL,3,4.45,2.71
DET,ATL,3,1.90,1.57
DET,ATL,3,2.85,0.00
DET,ATL,3,2.19,0.00
DET,ATL,3,1.24,0.00
GB,CIN,3,2.61,7.00
GB,CIN,3,2.61,0.00
GB,CIN,3,1.90,2.97
GB,CIN,3,1.90,0.00
GB,CIN,3,1.52,0.00
GB,CIN,3,1.19,0.00
GB,CIN,3,1.90,7.00
GB,CIN,3,1.81,0.00
GB,CIN,3,2.52,2.85
GB,CIN,3,1.71,0.00
GB,CIN,3,1.90,7.00
GB,CIN,3,1.71,0.00
HOU,NE,3,1.71,0.00
HOU,NE,3,1.76,2.58
HOU,NE,3,1.57,0.00
HOU,NE,3,3.37,7.00
HOU,NE,3,1.24,1.90
HOU,NE,3,1.81,2.55
HOU,NE,3,1.48,0.00
HOU,NE,3,2.14,7.00
HOU,NE,3,1.67,2.80
HOU,NE,3,1.34,0.00
HOU,NE,3,2.28,2.68
HOU,NE,3,1.90,2.89
IND,CLE,3,1.67,0.00
IND,CLE,3,1.95,0.00
IND,CLE,3,2.14,7.00
IND,CLE,3,1.90,7.00
IND,CLE,3,0.86,7.00
IND,CLE,3,3.32,7.00
IND,CLE,3,1.90,0.00
IND,CLE,3,1.90,0.00
IND,CLE,3,1.19,0.00
IND,CLE,3,1.48,1.48
IND,CLE,3,3.18,2.78
IND,CLE,3,1.62,0.00
IND,CLE,3,3.22,0.00
IND,CLE,3,3.32,0.00
JAC,BAL,3,2.47,2.91
JAC,BAL,3,1.67,7.00
JAC,BAL,3,2.56,2.31
JAC,BAL,3,1.71,0.00
JAC,BAL,3,4.12,7.00
JAC,BAL,3,1.81,2.84
JAC,BAL,3,2.09,0.00
JAC,BAL,3,1.90,0.00
JAC,BAL,3,3.93,7.00
JAC,BAL,3,5.81,7.00
JAC,BAL,3,1.43,7.00
JAC,BAL,3,2.47,0.00
JAC,BAL,3,1.48,0.00
KC,SD,3,3.41,7.00
KC,SD,3,3.84,7.00
KC,SD,3,2.61,0.00
KC,SD,3,2.94,2.74
KC,SD,3,1.85,0.00
KC,SD,3,1.67,0.00
KC,SD,3,1.19,0.00
KC,SD,3,1.01,0.00
KC,SD,3,1.43,0.00
KC,SD,3,1.67,7.00
LA,SF,3,5.71,7.00
LA,SF,3,1.90,7.00
LA,SF,3,2.23,2.14
LA,SF,3,1.85,0.00
LA,SF,3,1.90,7.00
LA,SF,3,1.90,2.94
LA,SF,3,1.90,7.00
LA,SF,3,1.90,7.00
LA,SF,3,1.38,0.00
LA,SF,3,3.98,0.00
MIA,NYJ,3,2.28,0.00
MIA,NYJ,3,2.37,0.00
MIA,NYJ,3,1.15,0.00
MIA,NYJ,3,1.90,0.00
MIA,NYJ,3,1.43,0.00
MIA,NYJ,3,1.52,0.00
MIA,NYJ,3,1.90,0.00
MIA,NYJ,3,1.90,0.28
MIA,NYJ,3,1.90,0.00
MIA,NYJ,3,1.19,0.00
MIA,NYJ,3,2.85,3.89
MIA,NYJ,3,1.67,7.00
MIN,TB,3,1.90,7.00
MIN,TB,3,1.43,0.00
MIN,TB,3,1.85,7.00
MIN,TB,3,2.75,0.00
MIN,TB,3,1.10,7.00
MIN,TB,3,1.90,0.00
MIN,TB,3,2.33,7.00
MIN,TB,3,1.90,2.93
MIN,TB,3,1.90,0.00
MIN,TB,3,3.79,2.65
MIN,TB,3,1.24,0.00
NE,HOU,3,3.03,7.00
NE,HOU,3,1.90,0.00
NE,HOU,3,1.01,0.00
NE,HOU,3,1.90,0.00
NE,HOU,3,4.88,7.00
NE,HOU,3,1.90,1.57
NE,HOU,3,1.90,7.00
NE,HOU,3,2.14,0.00
NE,HOU,3,1.62,7.00
NE,HOU,3,1.90,0.00
NE,HOU,3,1.90,0.00
NE,HOU,3,1.05,0.00
NE,HOU,3,1.90,7.00
NO,CAR,3,1.90,7.00
NO,CAR,3,1.90,0.00
NO,CAR,3,4.31,7.00
NO,CAR,3,2.19,2.76
NO,CAR,3,1.90,7.00
NO,CAR,3,1.67,0.00
NO,CAR,3,1.90,2.07
NO,CAR,3,3.37,1.64
NO,CAR,3,3.79,7.00
NO,CAR,3,2.14,0.00
NYG,PHI,3,1.67,0.00
NYG,PHI,3,2.47,0.00
NYG,PHI,3,2.33,3.46
NYG,PHI,3,3.03,0.00
NYG,PHI,3,1.90,0.00
NYG,PHI,3,2.70,2.48
NYG,PHI,3,1.85,0.00
NYG,PHI,3,2.85,7.00
NYG,PHI,3,3.88,7.00
NYG,PHI,3,1.76,7.00
NYG,PHI,3,1.90,2.51
NYG,PHI,3,1.90,0.00
NYJ,MIA,3,1.90,0.00
NYJ,MIA,3,1.19,2.37
NYJ,MIA,3,2.75,0.00
NYJ,MIA,3,2.47,2.55
NYJ,MIA,3,1.85,0.00
NYJ,MIA,3,2.09,7.00
NYJ,MIA,3,1.67,0.00
NYJ,MIA,3,3.13,7.00
NYJ,MIA,3,3.13,2.92
NYJ,MIA,3,1.71,0.00
NYJ,MIA,3,2.52,1.76
NYJ,MIA,3,2.04,0.00
OAK,WAS,3,1.90,1.57
OAK,WAS,3,1.90,0.00
OAK,WAS,3,1.52,0.00
OAK,WAS,3,1.76,0.00
OAK,WAS,3,2.09,2.41
OAK,WAS,3,1.90,0.00
OAK,WAS,3,1.24,0.00
OAK,WAS,3,1.90,0.00
OAK,WAS,3,2.70,0.00
OAK,WAS,3,4.59,7.00
OAK,WAS,3,1.76,0.00
OAK,WAS,3,4.88,2.92
OAK,WAS,3,1.90,-0.79
OAK,WAS,3,1.01,0.00
PHI,NYG,3,2.37,0.00
PHI,NYG,3,1.19,0.00
PHI,NYG,3,1.19,7.00
PHI,NYG,3,0.91,0.00
PHI,NYG,3,0.82,0.00
PHI,NYG,3,1.90,1.87
PHI,NYG,3,2.89,7.00
PHI,NYG,3,1.34,0.00
PHI,NYG,3,2.09,2.09
PHI,NYG,3,1.52,0.00
PHI,NYG,3,1.90,7.00
PHI,NYG,3,1.90,2.26
PHI,NYG,3,2.52,1.05
PIT,CHI,3,1.90,0.00
PIT,CHI,3,2.47,2.47
PIT,CHI,3,2.47,0.00
PIT,CHI,3,1.81,7.00
PIT,CHI,3,1.90,2.68
PIT,CHI,3,2.00,0.00
PIT,CHI,3,4.69,7.00
PIT,CHI,3,1.19,0.00
PIT,CHI,3,4.45,2.78
PIT,CHI,3,2.52,0.00
PIT,CHI,3,1.43,0.00
SEA,TEN,3,1.67,0.00
SEA,TEN,3,1.29,0.00
SEA,TEN,3,2.37,0.00
SEA,TEN,3,1.62,0.00
SEA,TEN,3,1.90,0.00
SEA,TEN,3,1.90,0.00
SEA,TEN,3,1.38,7.00
SEA,TEN,3,1.90,7.00
SEA,TEN,3,1.90,0.00
SEA,TEN,3,1.90,0.00
SEA,TEN,3,1.90,7.00
SEA,TEN,3,1.90,0.00
SEA,TEN,3,2.04,7.00
SF,LA,3,1.90,1.90
SF,LA,3,1.62,7.00
SF,LA,3,1.62,3.07
SF,LA,3,1.90,0.00
SF,LA,3,4.88,2.68
SF,LA,3,1.81,2.14
SF,LA,3,2.61,0.00
SF,LA,3,1.90,7.00
SF,LA,3,1.90,7.00
SF,LA,3,1.81,0.00
SF,LA,3,2.42,7.00
SF,LA,3,4.07,7.00
SF,LA,3,3.08,0.00
TB,MIN,3,1.90,2.55
TB,MIN,3,1.81,0.00
TB,MIN,3,1.24,0.00
TB,MIN,3,1.38,3.84
TB,MIN,3,1.90,0.00
TB,MIN,3,1.24,0.00
TB,MIN,3,3.27,7.00
TB,MIN,3,1.90,7.00
TB,MIN,3,2.37,3.07
TB,MIN,3,1.90,3.80
TEN,SEA,3,1.90,0.00
TEN,SEA,3,2.19,0.00
TEN,SEA,3,1.48,0.00
TEN,SEA,3,1.67,0.00
TEN,SEA,3,2.28,2.90
TEN,SEA,3,2.23,2.65
TEN,SEA,3,2.23,0.00
TEN,SEA,3,1.85,2.20
TEN,SEA,3,1.90,7.00
TEN,SEA,3,2.89,7.00
TEN,SEA,3,1.90,7.00
TEN,SEA,3,1.90,2.71
TEN,SEA,3,2.04,0.00
TEN,SEA,3,3.22,0.00
SD,KC,3,1.01,0.83
SD,KC,3,1.81,2.57
SD,KC,3,1.24,7.00
SD,KC,3,1.38,1.15
SD,KC,3,1.90,2.84
SD,KC,3,1.48,0.00
SD,KC,3,2.14,0.00
SD,KC,3,3.79,0.00
SD,KC,3,1.90,0.00
SD,KC,3,1.24,0.00
SD,KC,3,1.90,0.00
WAS,OAK,3,2.28,7.00
WAS,OAK,3,1.90,0.00
WAS,OAK,3,1.67,0.00
WAS,OAK,3,1.52,0.00
WAS,OAK,3,2.04,7.00
WAS,OAK,3,1.43,0.00
WAS,OAK,3,1.90,7.00
WAS,OAK,3,3.51,1.87
WAS,OAK,3,1.90,2.91
WAS,OAK,3,1.15,0.82
WAS,OAK,3,1.90,2.85
WAS,OAK,3,3.70,0.00
ARI,SF,4,1.90,4.31
ARI,SF,4,1.57,0.00
ARI,SF,4,1.90,2.82
ARI,SF,4,1.90,0.00
ARI,SF,4,4.03,2.42
ARI,SF,4,1.43,0.00
ARI,SF,4,1.90,2.01
ARI,SF,4,1.90,0.00
ARI,SF,4,2.42,2.78
ARI,SF,4,2.23,0.00
ARI,SF,4,2.85,0.00
ARI,SF,4,1.15,0.00
ARI,SF,4,1.43,0.00
ARI,SF,4,1.90,7.00
ATL,BUF,4,1.62,0.00
ATL,BUF,4,0.77,0.00
ATL,BUF,4,2.89,2.85
ATL,BUF,4,1.90,0.00
ATL,BUF,4,1.76,7.00
ATL,BUF,4,1.67,1.71
ATL,BUF,4,1.57,2.44
ATL,BUF,4,1.90,7.00
ATL,BUF,4,3.46,1.43
ATL,BUF,4,1.90,0.00
BAL,PIT,4,1.90,0.00
BAL,PIT,4,1.85,0.00
BAL,PIT,4,1.19,0.00
BAL,PIT,4,1.76,2.23
BAL,PIT,4,1.76,0.00
BAL,PIT,4,2.56,0.90
BAL,PIT,4,4.59,2.46
BAL,PIT,4,2.33,7.00
BAL,PIT,4,1.81,0.00
BAL,PIT,4,1.76,2.85
BAL,PIT,4,1.38,1.17
BAL,PIT,4,1.90,0.00
BUF,ATL,4,1.15,0.00
BUF,ATL,4,1.19,0.00
BUF,ATL,4,1.81,7.00
BUF,ATL,4,1.43,0.00
BUF,ATL,4,1.90,0.00
BUF,ATL,4,1.90,0.00
BUF,ATL,4,1.29,2.90
BUF,ATL,4,1.90,1.57
BUF,ATL,4,3.79,1.64
BUF,ATL,4,1.19,0.00
CAR,NE,4,1.90,2.78
CAR,NE,4,2.42,1.87
CAR,NE,4,1.90,7.00
CAR,NE,4,1.48,7.00
CAR,NE,4,1.90,4.83
CAR,NE,4,2.23,7.00
CAR,NE,4,2.42,7.00
CAR,NE,4,1.71,0.00
CAR,NE,4,1.85,2.14
CHI,GB,4,1.90,1.90
CHI,GB,4,1.95,3.19
CHI,GB,4,1.43,0.00
CHI,GB,4,2.70,0.00
CHI,GB,4,2.33,1.91
CHI,GB,4,1.90,0.00
CHI,GB,4,2.04,7.00
CHI,GB,4,2.04,2.20
CHI,GB,4,1.90,1.98
CHI,GB,4,1.90,7.00
CHI,GB,4,2.61,0.00
CIN,CLE,4,2.52,2.19
CIN,CLE,4,2.52,0.00
CIN,CLE,4,3.79,7.00
CIN,CLE,4,1.29,7.00
CIN,CLE,4,1.52,7.00
CIN,CLE,4,1.90,2.51
CIN,CLE,4,1.52,7.00
CIN,CLE,4,2.00,0.00
CIN,CLE,4,2.42,0.00
CIN,CLE,4,1.57,0.00
CIN,CLE,4,1.57,0.00
CLE,CIN,4,2.04,0.00
CLE,CIN,4,4.03,2.14
CLE,CIN,4,1.01,0.00
CLE,CIN,4,1.90,3.45
CLE,CIN,4,1.81,0.00
CLE,CIN,4,1.19,0.00
CLE,CIN,4,2.04,0.00
CLE,CIN,4,1.67,0.00
CLE,CIN,4,1.62,0.00
CLE,CIN,4,1.85,0.00
CLE,CIN,4,2.47,7.00
DAL,LA,4,1.67,2.74
DAL,LA,4,1.62,7.00
DAL,LA,4,1.90,7.00
DAL,LA,4,1.90,7.00
DAL,LA,4,1.38,0.00
DAL,LA,4,1.90,0.00
DAL,LA,4,1.90,0.00
DAL,LA,4,1.71,0.53
DAL,LA,4,1.90,7.00
DAL,LA,4,1.90,0.00
DEN,OAK,4,1.90,0.00
DEN,OAK,4,1.29,7.00
DEN,OAK,4,1.24,2.85
DEN,OAK,4,0.96,0.00
DEN,OAK,4,2.19,0.00
DEN,OAK,4,1.90,0.00
DEN,OAK,4,2.00,2.68
DEN,OAK,4,3.98,2.26
DEN,OAK,4,4.73,2.84
DEN,OAK,4,2.33,0.00
DEN,OAK,4,1.38,0.00
DEN,OAK,4,1.10,0.00
DET,MIN,4,1.90,0.00
DET,MIN,4,1.71,0.00
DET,MIN,4,1.10,2.85
DET,MIN,4,1.76,0.00
DET,MIN,4,1.90,1.34
DET,MIN,4,3.22,2.68
DET,MIN,4,4.07,7.00
DET,MIN,4,1.01,0.00
DET,MIN,4,2.09,0.00
DET,MIN,4,2.42,0.00
DET,MIN,4,1.38,0.00
DET,MIN,4,3.08,0.00
GB,CHI,4,1.90,7.00
GB,CHI,4,5.71,7.00
GB,CHI,4,1.85,0.00
GB,CHI,4,1.43,0.00
GB,CHI,4,0.96,0.00
GB,CHI,4,2.61,7.00
GB,CHI,4,1.57,0.00
GB,CHI,4,1.90,0.00
GB,CHI,4,2.47,7.00
GB,CHI,4,3.46,7.00
GB,CHI,4,1.90,0.00
HOU,TEN,4,3.41,7.00
HOU,TEN,4,1.85,7.00
HOU,TEN,4,1.85,7.00
HOU,TEN,4,1.90,2.01
HOU,TEN,4,2.70,7.00
HOU,TEN,4,3.03,3.95
HOU,TEN,4,1.90,7.00
HOU,TEN,4,1.38,0.00
HOU,TEN,4,2.00,7.00
HOU,TEN,4,3.46,2.55
HOU,TEN,4,4.73,2.76
HOU,TEN,4,1.95,0.00
IND,SEA,4,1.15,0.00
IND,SEA,4,1.90,0.00
IND,SEA,4,2.42,0.00
IND,SEA,4,1.43,0.77
IND,SEA,4,1.67,7.00
IND,SEA,4,2.85,7.00
IND,SEA,4,1.90,0.00
IND,SEA,4,4.31,2.55
IND,SEA,4,1.76,1.76
IND,SEA,4,1.90,0.00
IND,SEA,4,1.90,0.00
IND,SEA,4,1.48,0.00
JAC,NYJ,4,2.56,7.00
JAC,NYJ,4,1.43,0.00
JAC,NYJ,4,1.34,2.82
JAC,NYJ,4,1.90,0.00
JAC,NYJ,4,2.37,0.00
JAC,NYJ,4,1.90,0.00
JAC,NYJ,4,1.90,0.00
JAC,NYJ,4,1.34,1.89
JAC,NYJ,4,1.90,1.87
JAC,NYJ,4,1.67,0.00
JAC,NYJ,4,3.79,2.92
JAC,NYJ,4,1.90,0.00
JAC,NYJ,4,3.08,0.00
JAC,NYJ,4,0.86,0.00
KC,WAS,4,1.90,0.00
KC,WAS,4,1.52,0.00
KC,WAS,4,1.38,0.00
KC,WAS,4,2.00,7.00
KC,WAS,4,1.52,2.26
KC,WAS,4,1.71,7.00
KC,WAS,4,1.90,2.89
KC,WAS,4,1.67,2.78
KC,WAS,4,1.90,2.42
LA,DAL,4,1.48,2.07
LA,DAL,4,3.79,2.37
LA,DAL,4,1.90,0.00
LA,DAL,4,4.59,7.00
LA,DAL,4,1.90,2.37
LA,DAL,4,1.71,0.00
LA,DAL,4,2.33,2.82
LA,DAL,4,1.19,7.00
LA,DAL,4,1.29,2.85
LA,DAL,4,4.07,2.42
LA,DAL,4,1.52,2.76
LA,DAL,4,2.56,0.00
MIA,NO,4,1.43,5.60
MIA,NO,4,2.19,0.00
MIA,NO,4,2.99,0.00
MIA,NO,4,1.76,0.00
MIA,NO,4,1.90,0.00
MIA,NO,4,1.95,0.00
MIA,NO,4,1.90,0.00
MIA,NO,4,1.62,0.00
MIA,NO,4,2.23,0.00
MIN,DET,4,1.95,0.00
MIN,DET,4,1.19,0.00
MIN,DET,4,2.00,0.00
MIN,DET,4,1.62,7.00
MIN,DET,4,1.90,2.72
MIN,DET,4,1.57,1.57
MIN,DET,4,2.56,0.00
MIN,DET,4,2.61,2.58
MIN,DET,4,0.96,0.00
MIN,DET,4,1.85,0.00
MIN,DET,4,2.80,2.80
NE,CAR,4,1.90,2.51
NE,CAR,4,1.90,0.00
NE,CAR,4,1.95,7.00
NE,CAR,4,1.95,2.71
NE,CAR,4,1.90,1.42
NE,CAR,4,1.05,0.00
NE,CAR,4,1.90,0.00
NE,CAR,4,1.90,7.00
NE,CAR,4,3.13,7.00
NO,MIA,4,1.67,2.51
NO,MIA,4,0.96,0.00
NO,MIA,4,1.29,0.00
NO,MIA,4,3.08,2.42
NO,MIA,4,1.81,7.00
NO,MIA,4,2.52,0.00
NO,MIA,4,2.56,2.31
NO,MIA,4,1.34,7.00
NO,MIA,4,3.51,0.00
NYG,TB,4,1.90,0.00
NYG,TB,4,0.86,0.00
NYG,TB,4,1.90,0.00
NYG,TB,4,1.90,0.00
NYG,TB,4,1.24,0.00
NYG,TB,4,2.42,2.82
NYG,TB,4,2.52,7.00
NYG,TB,4,1.90,0.00
NYG,TB,4,2.56,7.00
NYG,TB,4,2.85,2.42
NYG,TB,4,2.37,0.00
NYG,TB,4,1.90,7.00
NYJ,JAC,4,1.90,0.00
NYJ,JAC,4,1.90,7.00
NYJ,JAC,4,1.34,0.00
NYJ,JAC,4,2.19,2.31
NYJ,JAC,4,2.19,2.31
NYJ,JAC,4,1.57,7.00
NYJ,JAC,4,1.10,0.00
NYJ,JAC,4,5.29,2.88
NYJ,JAC,4,2.70,4.78
NYJ,JAC,4,1.90,0.00
NYJ,JAC,4,1.67,1.27
NYJ,JAC,4,1.90,0.00
NYJ,JAC,4,0.86,0.00
NYJ,JAC,4,1.15,0.00
NYJ,JAC,4,4.26,0.00
OAK,DEN,4,2.52,0.00
OAK,DEN,4,1.90,0.00
OAK,DEN,4,2.80,0.00
OAK,DEN,4,2.23,0.00
OAK,DEN,4,0.77,7.00
OAK,DEN,4,1.24,0.00
OAK,DEN,4,1.90,0.00
OAK,DEN,4,1.52,0.00
OAK,DEN,4,2.33,0.00
OAK,DEN,4,1.67,0.00
OAK,DEN,4,1.05,2.62
OAK,DEN,4,2.70,2.57
PHI,SD,4,2.23,7.00
PHI,SD,4,1.10,2.31
PHI,SD,4,1.67,2.55
PHI,SD,4,1.90,1.79
PHI,SD,4,2.04,0.00
PHI,SD,4,1.90,0.00
PHI,SD,4,1.24,2.20
PHI,SD,4,1.90,7.00
PHI,SD,4,1.90,0.00
PIT,BAL,4,0.86,2.80
PIT,BAL,4,2.14,0.00
PIT,BAL,4,3.27,2.07
PIT,BAL,4,4.12,7.00
PIT,BAL,4,2.14,7.00
PIT,BAL,4,1.48,0.61
PIT,BAL,4,1.71,2.37
PIT,BAL,4,1.90,0.00
PIT,BAL,4,1.38,0.00
PIT,BAL,4,3.18,0.00
PIT,BAL,4,3.13,7.00
PIT,BAL,4,0.96,0.00
SEA,IND,4,2.47,2.42
SEA,IND,4,0.77,-2.00
SEA,IND,4,1.90,0.00
SEA,IND,4,1.90,2.47
SEA,IND,4,1.90,2.65
SEA,IND,4,1.48,7.00
SEA,IND,4,1.01,1.30
SEA,IND,4,1.90,7.00
SEA,IND,4,1.95,7.00
SEA,IND,4,1.48,7.00
SF,ARI,4,1.67,0.00
SF,ARI,4,1.85,2.07
SF,ARI,4,1.43,2.58
SF,ARI,4,1.29,0.63
SF,ARI,4,1.95,0.00
SF,ARI,4,1.90,2.20
SF,ARI,4,1.90,2.14
SF,ARI,4,1.90,0.00
SF,ARI,4,1.90,0.00
SF,ARI,4,0.96,0.00
SF,ARI,4,1.81,0.00
SF,ARI,4,2.75,0.00
SF,ARI,4,1.76,2.91
TB,NYG,4,2.47,0.00
TB,NYG,4,2.80,7.00
TB,NYG,4,2.14,7.00
TB,NYG,4,1.67,0.00
TB,NYG,4,2.47,2.26
TB,NYG,4,1.67,0.00
TB,NYG,4,1.90,2.93
TB,NYG,4,1.90,2.14
TB,NYG,4,1.67,0.00
TB,NYG,4,2.28,0.00
TB,NYG,4,2.75,7.00
TB,NYG,4,1.90,2.74
TEN,HOU,4,1.76,0.89
TEN,HOU,4,1.90,0.00
TEN,HOU,4,1.90,0.00
TEN,HOU,4,1.90,7.00
TEN,HOU,4,1.90,7.00
TEN,HOU,4,1.90,1.90
TEN,HOU,4,1.15,0.00
TEN,HOU,4,1.90,0.00
TEN,HOU,4,1.71,0.00
TEN,HOU,4,2.70,2.06
TEN,HOU,4,1.90,1.90
TEN,HOU,4,0.86,1.52
TEN,HOU,4,1.90,0.00
TEN,HOU,4,1.15,0.00
SD,PHI,4,1.90,2.96
SD,PHI,4,1.90,0.00
SD,PHI,4,1.90,0.00
SD,PHI,4,1.90,7.00
SD,PHI,4,1.90,0.00
SD,PHI,4,1.34,2.85
SD,PHI,4,1.29,0.00
SD,PHI,4,1.90,7.00
SD,PHI,4,1.90,7.00
WAS,KC,4,1.90,7.00
WAS,KC,4,3.03,2.94
WAS,KC,4,1.67,0.00
WAS,KC,4,1.34,0.00
WAS,KC,4,1.90,0.00
WAS,KC,4,2.42,0.00
WAS,KC,4,1.90,7.00
WAS,KC,4,1.90,0.00
WAS,KC,4,1.90,2.55
WAS,KC,4,1.90,1.90
ARI,PHI,5,1.57,0.00
ARI,PHI,5,1.71,0.00
ARI,PHI,5,1.76,0.00
ARI,PHI,5,1.90,7.00
ARI,PHI,5,1.19,0.00
ARI,PHI,5,1.81,0.00
ARI,PHI,5,1.67,1.94
ARI,PHI,5,1.34,0.00
ARI,PHI,5,1.90,0.00
ARI,PHI,5,1.19,0.00
ARI,PHI,5,1.90,4.07
BAL,OAK,5,1.90,7.00
BAL,OAK,5,1.90,7.00
BAL,OAK,5,1.90,2.91
BAL,OAK,5,2.47,0.00
BAL,OAK,5,2.61,0.00
BAL,OAK,5,1.85,0.00
BAL,OAK,5,1.90,2.93
BAL,OAK,5,1.67,2.37
BAL,OAK,5,4.73,0.00
BUF,CIN,5,1.19,0.00
BUF,CIN,5,1.76,0.00
BUF,CIN,5,1.43,2.80
BUF,CIN,5,1.90,0.00
BUF,CIN,5,4.36,7.00
BUF,CIN,5,1.34,0.00
BUF,CIN,5,1.90,0.00
BUF,CIN,5,3.74,0.00
BUF,CIN,5,2.09,2.62
BUF,CIN,5,1.90,0.00
BUF,CIN,5,4.88,2.85
BUF,CIN,5,1.90,0.08
CAR,DET,5,1.71,0.00
CAR,DET,5,2.42,2.93
CAR,DET,5,1.90,7.00
CAR,DET,5,1.95,0.00
CAR,DET,5,2.00,7.00
CAR,DET,5,1.90,7.00
CAR,DET,5,4.36,2.37
CAR,DET,5,2.23,0.00
CAR,DET,5,3.32,1.64
CAR,DET,5,1.62,0.00
CAR,DET,5,1.38,0.00
CAR,DET,5,1.81,0.00
CHI,MIN,5,1.90,0.00
CHI,MIN,5,3.27,0.00
CHI,MIN,5,2.42,0.00
CHI,MIN,5,2.75,0.00
CHI,MIN,5,1.76,0.00
CHI,MIN,5,1.67,1.67
CHI,MIN,5,1.67,0.00
CHI,MIN,5,1.90,7.00
CHI,MIN,5,1.71,7.00
CHI,MIN,5,1.43,0.00
CHI,MIN,5,1.19,1.19
CHI,MIN,5,2.04,0.00
CIN,BUF,5,1.67,0.00
CIN,BUF,5,1.81,7.00
CIN,BUF,5,1.38,0.00
CIN,BUF,5,1.90,2.82
CIN,BUF,5,1.67,1.67
CIN,BUF,5,2.14,0.00
CIN,BUF,5,1.67,0.00
CIN,BUF,5,2.04,1.49
CIN,BUF,5,1.29,3.60
CIN,BUF,5,1.90,7.00
CIN,BUF,5,1.43,0.00
CIN,BUF,5,2.14,2.84
CIN,BUF,5,4.07,0.00
CLE,NYJ,5,2.23,0.00
CLE,NYJ,5,2.75,4.42
CLE,NYJ,5,1.71,1.87
CLE,NYJ,5,3.13,4.37
CLE,NYJ,5,2.85,2.58
CLE,NYJ,5,1.90,7.00
CLE,NYJ,5,1.67,1.13
CLE,NYJ,5,1.90,0.00
CLE,NYJ,5,1.90,0.00
CLE,NYJ,5,1.38,7.00
DAL,GB,5,1.90,7.00
DAL,GB,5,1.90,7.00
DAL,GB,5,2.75,7.00
DAL,GB,5,1.90,0.00
DAL,GB,5,2.14,0.00
DAL,GB,5,1.90,2.42
DAL,GB,5,1.29,0.96
DAL,GB,5,1.71,7.00
DAL,GB,5,1.90,1.26
DET,CAR,5,1.90,2.82
DET,CAR,5,1.95,0.00
DET,CAR,5,1.76,7.00
DET,CAR,5,1.90,0.00
DET,CAR,5,2.47,0.00
DET,CAR,5,1.90,0.00
DET,CAR,5,2.14,2.14
DET,CAR,5,1.90,0.00
DET,CAR,5,1.67,0.00
DET,CAR,5,2.85,0.00
DET,CAR,5,2.19,7.00
DET,CAR,5,2.94,7.00
GB,DAL,5,1.90,7.00
GB,DAL,5,1.90,0.00
GB,DAL,5,1.90,7.00
GB,DAL,5,1.90,2.92
GB,DAL,5,1.29,7.00
GB,DAL,5,1.62,0.00
GB,DAL,5,1.90,7.00
HOU,KC,5,1.90,0.00
HOU,KC,5,1.90,0.00
HOU,KC,5,1.90,1.89
HOU,KC,5,1.90,7.00
HOU,KC,5,1.90,0.00
HOU,KC,5,1.71,0.00
HOU,KC,5,1.76,7.00
HOU,KC,5,2.14,7.00
HOU,KC,5,1.90,0.00
HOU,KC,5,1.67,0.00
HOU,KC,5,3.70,7.00
HOU,KC,5,1.90,7.00
IND,SF,5,1.90,1.87
IND,SF,5,1.90,0.00
IND,SF,5,1.95,0.00
IND,SF,5,2.75,0.00
IND,SF,5,1.81,2.91
IND,SF,5,1.90,0.00
IND,SF,5,3.08,2.62
IND,SF,5,2.61,7.00
IND,SF,5,1.90,7.00
IND,SF,5,1.90,0.00
IND,SF,5,1.90,0.00
IND,SF,5,1.90,5.18
IND,SF,5,1.57,0.00
JAC,PIT,5,1.90,0.00
JAC,PIT,5,1.90,0.00
JAC,PIT,5,3.22,7.00
JAC,PIT,5,1.10,0.00
JAC,PIT,5,3.18,2.85
JAC,PIT,5,1.90,0.00
JAC,PIT,5,0.91,2.20
JAC,PIT,5,2.80,0.00
JAC,PIT,5,0.82,7.00
KC,HOU,5,1.62,2.71
KC,HOU,5,1.24,2.46
KC,HOU,5,2.52,7.00
KC,HOU,5,4.21,2.51
KC,HOU,5,1.90,7.00
KC,HOU,5,1.48,0.00
KC,HOU,5,1.90,2.71
KC,HOU,5,2.14,7.00
KC,HOU,5,1.15,0.00
KC,HOU,5,3.79,2.14
LA,SEA,5,2.52,4.52
LA,SEA,5,1.05,0.00
LA,SEA,5,1.71,7.00
LA,SEA,5,4.55,2.71
LA,SEA,5,2.61,0.00
LA,SEA,5,2.23,2.68
LA,SEA,5,1.57,2.39
LA,SEA,5,2.09,0.00
LA,SEA,5,1.81,2.48
LA,SEA,5,1.05,2.75
LA,SEA,5,1.90,0.00
MIA,TEN,5,1.05,0.00
MIA,TEN,5,0.86,0.00
MIA,TEN,5,3.46,2.51
MIA,TEN,5,1.34,1.64
MIA,TEN,5,1.81,0.00
MIA,TEN,5,3.55,3.55
MIA,TEN,5,1.71,0.00
MIA,TEN,5,1.38,0.00
MIA,TEN,5,1.67,0.00
MIA,TEN,5,1.90,0.00
MIA,TEN,5,2.66,0.00
MIA,TEN,5,2.70,7.00
MIA,TEN,5,2.09,0.00
MIA,TEN,5,1.76,0.00
MIN,CHI,5,1.29,0.00
MIN,CHI,5,1.48,0.00
MIN,CHI,5,1.19,-2.00
MIN,CHI,5,1.67,0.00
MIN,CHI,5,1.90,0.00
MIN,CHI,5,4.83,2.88
MIN,CHI,5,2.89,0.00
MIN,CHI,5,1.90,7.00
MIN,CHI,5,1.57,7.00
MIN,CHI,5,1.90,0.00
MIN,CHI,5,1.43,0.00
MIN,CHI,5,4.12,2.88
NE,TB,5,1.81,2.85
NE,TB,5,1.67,0.00
NE,TB,5,0.82,2.86
NE,TB,5,1.81,0.00
NE,TB,5,1.90,7.00
NE,TB,5,4.17,2.91
NE,TB,5,1.01,2.31
NE,TB,5,1.19,3.12
NE,TB,5,2.56,0.00
NE,TB,5,1.71,0.00
NE,TB,5,3.70,2.14
NYG,SD,5,1.71,0.00
NYG,SD,5,2.47,0.00
NYG,SD,5,2.42,7.00
NYG,SD,5,1.48,0.00
NYG,SD,5,2.85,0.00
NYG,SD,5,3.60,0.00
NYG,SD,5,1.62,0.00
NYG,SD,5,1.81,0.00
NYG,SD,5,1.67,7.00
NYG,SD,5,1.90,7.00
NYG,SD,5,1.67,0.00
NYG,SD,5,1.67,0.69
NYG,SD,5,1.85,1.24
NYJ,CLE,5,1.95,0.00
NYJ,CLE,5,1.85,0.00
NYJ,CLE,5,1.05,0.00
NYJ,CLE,5,2.70,2.05
NYJ,CLE,5,1.38,0.00
NYJ,CLE,5,2.09,1.49
NYJ,CLE,5,1.52,0.00
NYJ,CLE,5,4.83,7.00
NYJ,CLE,5,0.86,7.00
NYJ,CLE,5,1.43,0.00
NYJ,CLE,5,3.32,0.00
OAK,BAL,5,2.23,2.70
OAK,BAL,5,1.90,2.78
OAK,BAL,5,1.90,7.00
OAK,BAL,5,1.90,0.00
OAK,BAL,5,0.96,0.00
OAK,BAL,5,1.90,0.00
OAK,BAL,5,2.00,0.00
OAK,BAL,5,2.37,7.00
OAK,BAL,5,1.90,0.00
OAK,BAL,5,1.90,0.00
PHI,ARI,5,2.89,7.00
PHI,ARI,5,4.73,7.00
PHI,ARI,5,2.42,7.00
PHI,ARI,5,1.90,0.00
PHI,ARI,5,1.81,0.00
PHI,ARI,5,2.04,3.62
PHI,ARI,5,1.90,2.68
PHI,ARI,5,2.47,7.00
PHI,ARI,5,1.57,0.00
PHI,ARI,5,2.23,2.85
PHI,ARI,5,1.67,0.00
PIT,JAC,5,2.04,2.84
PIT,JAC,5,0.91,2.25
PIT,JAC,5,1.57,0.00
PIT,JAC,5,0.96,0.00
PIT,JAC,5,2.56,2.74
PIT,JAC,5,1.90,2.93
PIT,JAC,5,1.81,1.06
PIT,JAC,5,1.90,0.63
PIT,JAC,5,1.90,0.00
PIT,JAC,5,1.90,1.22
PIT,JAC,5,1.38,3.05
PIT,JAC,5,2.14,0.00
SEA,LA,5,1.90,0.00
SEA,LA,5,1.67,0.00
SEA,LA,5,2.23,2.23
SEA,LA,5,1.95,0.00
SEA,LA,5,4.03,4.73
SEA,LA,5,1.90,7.00
SEA,LA,5,1.90,2.20
SEA,LA,5,1.95,2.07
SEA,LA,5,2.09,0.00
SEA,LA,5,1.95,0.00
SEA,LA,5,3.27,0.00
SEA,LA,5,4.50,2.71
SEA,LA,5,1.67,0.00
SF,IND,5,1.90,2.85
SF,IND,5,1.10,0.00
SF,IND,5,1.10,0.00
SF,IND,5,1.62,0.00
SF,IND,5,1.90,2.42
SF,IND,5,2.00,0.00
SF,IND,5,1.29,0.00
SF,IND,5,1.15,2.55
SF,IND,5,1.71,7.00
SF,IND,5,1.24,7.00
SF,IND,5,2.04,0.00
TB,NE,5,2.52,0.00
TB,NE,5,2.42,0.00
TB,NE,5,1.90,0.00
TB,NE,5,2.23,7.00
TB,NE,5,1.90,0.00
TB,NE,5,1.76,1.57
TB,NE,5,1.90,0.00
TB,NE,5,1.90,0.00
TB,NE,5,2.94,2.07
TB,NE,5,0.86,2.80
TB,NE,5,1.95,7.00
TB,NE,5,1.90,0.00
TEN,MIA,5,1.90,0.00
TEN,MIA,5,2.37,0.00
TEN,MIA,5,2.56,1.60
TEN,MIA,5,1.90,0.96
TEN,MIA,5,1.38,0.00
TEN,MIA,5,4.31,2.31
TEN,MIA,5,1.01,0.00
TEN,MIA,5,2.66,0.00
TEN,MIA,5,2.19,0.00
TEN,MIA,5,2.19,7.00
TEN,MIA,5,1.15,0.00
TEN,MIA,5,1.05,0.00
TEN,MIA,5,1.48,0.00
TEN,MIA,5,1.43,0.00
TEN,MIA,5,1.05,0.00
SD,NYG,5,1.90,0.00
SD,NYG,5,0.91,-2.00
SD,NYG,5,1.19,0.00
SD,NYG,5,1.81,7.00
SD,NYG,5,1.29,0.00
SD,NYG,5,0.86,0.00
SD,NYG,5,1.67,0.00
SD,NYG,5,3.03,2.93
SD,NYG,5,3.13,3.66
SD,NYG,5,1.10,7.00
SD,NYG,5,1.90,0.00
SD,NYG,5,2.56,2.80
SD,NYG,5,4.92,7.00
SD,NYG,5,2.99,0.00
ARI,TB,6,1.90,7.00
ARI,TB,6,1.38,7.00
ARI,TB,6,0.96,7.00
ARI,TB,6,2.14,2.85
ARI,TB,6,0.96,0.00
ARI,TB,6,3.88,7.00
ARI,TB,6,1.90,2.66
ARI,TB,6,1.05,0.00
ARI,TB,6,1.90,0.85
ARI,TB,6,1.81,0.00
ARI,TB,6,5.92,7.00
ARI,TB,6,3.41,0.00
ARI,TB,6,3.18,0.00
ATL,MIA,6,1.90,2.01
ATL,MIA,6,1.19,7.00
ATL,MIA,6,1.67,0.00
ATL,MIA,6,2.56,7.00
ATL,MIA,6,1.29,1.34
ATL,MIA,6,1.52,0.00
ATL,MIA,6,1.90,0.00
ATL,MIA,6,1.90,0.00
ATL,MIA,6,1.34,4.21
BAL,CHI,6,2.00,0.00
BAL,CHI,6,1.15,0.00
BAL,CHI,6,1.24,0.00
BAL,CHI,6,2.04,3.16
BAL,CHI,6,1.95,1.86
BAL,CHI,6,1.57,0.00
BAL,CHI,6,2.42,2.86
BAL,CHI,6,1.48,0.00
BAL,CHI,6,2.14,0.00
BAL,CHI,6,3.60,2.80
BAL,CHI,6,2.99,3.38
BAL,CHI,6,1.90,2.07
BAL,CHI,6,2.80,0.00
BAL,CHI,6,2.61,0.00
CAR,PHI,6,2.94,0.00
CAR,PHI,6,1.90,2.58
CAR,PHI,6,2.19,0.00
CAR,PHI,6,3.41,7.00
CAR,PHI,6,1.15,0.38
CAR,PHI,6,2.04,0.00
CAR,PHI,6,1.67,0.16
CAR,PHI,6,2.37,2.93
CAR,PHI,6,1.90,0.00
CAR,PHI,6,2.33,2.20
CAR,PHI,6,1.90,7.00
CAR,PHI,6,1.81,2.21
CAR,PHI,6,2.19,0.00
CHI,BAL,6,1.05,0.00
CHI,BAL,6,1.90,0.00
CHI,BAL,6,2.37,2.91
CHI,BAL,6,1.67,0.00
CHI,BAL,6,4.50,7.00
CHI,BAL,6,2.37,0.00
CHI,BAL,6,1.90,0.00
CHI,BAL,6,1.95,0.00
CHI,BAL,6,2.33,7.00
CHI,BAL,6,1.67,0.00
CHI,BAL,6,1.71,2.48
CHI,BAL,6,2.80,2.24
CHI,BAL,6,1.52,0.00
CHI,BAL,6,1.90,0.00
CHI,BAL,6,1.67,0.00
CHI,BAL,6,1.05,0.00
CLE,HOU,6,1.90,0.00
CLE,HOU,6,4.17,2.51
CLE,HOU,6,1.90,3.47
CLE,HOU,6,1.90,1.97
CLE,HOU,6,1.38,0.00
CLE,HOU,6,1.90,0.00
CLE,HOU,6,1.71,1.40
CLE,HOU,6,1.90,0.00
CLE,HOU,6,0.86,-2.00
CLE,HOU,6,1.90,0.00
CLE,HOU,6,1.62,0.00
CLE,HOU,6,2.33,0.00
CLE,HOU,6,3.08,7.00
DEN,NYG,6,1.76,0.00
DEN,NYG,6,1.90,0.00
DEN,NYG,6,2.75,2.74
DEN,NYG,6,1.90,2.50
DEN,NYG,6,1.67,2.85
DEN,NYG,6,1.76,1.22
DEN,NYG,6,1.90,0.00
DEN,NYG,6,1.19,0.00
DEN,NYG,6,1.90,1.79
DEN,NYG,6,2.56,1.67
DEN,NYG,6,1.43,0.00
DEN,NYG,6,2.70,7.00
DEN,NYG,6,2.52,0.00
DET,NO,6,0.82,-0.26
DET,NO,6,1.90,7.00
DET,NO,6,2.23,0.00
DET,NO,6,1.90,3.13
DET,NO,6,1.90,2.55
DET,NO,6,2.61,0.00
DET,NO,6,1.90,0.00
DET,NO,6,3.60,1.57
DET,NO,6,1.90,1.47
DET,NO,6,1.90,7.00
DET,NO,6,2.56,7.00
DET,NO,6,3.32,0.00
DET,NO,6,1.67,0.00
DET,NO,6,0.77,0.12
DET,NO,6,2.19,3.14
DET,NO,6,1.57,0.00
DET,NO,6,1.67,0.00
GB,MIN,6,1.90,0.00
GB,MIN,6,1.52,0.00
GB,MIN,6,1.57,1.12
GB,MIN,6,1.52,0.00
GB,MIN,6,4.59,7.00
GB,MIN,6,1.90,0.00
GB,MIN,6,3.65,2.88
GB,MIN,6,1.90,0.00
GB,MIN,6,1.90,2.02
GB,MIN,6,2.00,0.00
GB,MIN,6,2.33,0.00
GB,MIN,6,0.91,3.53
HOU,CLE,6,1.90,2.51
HOU,CLE,6,0.91,0.00
HOU,CLE,6,1.34,7.00
HOU,CLE,6,1.43,0.00
HOU,CLE,6,2.09,7.00
HOU,CLE,6,2.75,0.00
HOU,CLE,6,2.99,0.00
HOU,CLE,6,2.14,0.00
HOU,CLE,6,2.37,7.00
HOU,CLE,6,1.24,1.88
HOU,CLE,6,1.90,0.00
HOU,CLE,6,1.67,0.00
HOU,CLE,6,0.82,0.00
HOU,CLE,6,3.03,0.00
IND,TEN,6,2.14,2.68
IND,TEN,6,2.00,7.00
IND,TEN,6,1.90,2.90
IND,TEN,6,1.90,0.00
IND,TEN,6,1.29,0.00
IND,TEN,6,1.48,1.15
IND,TEN,6,1.67,0.00
IND,TEN,6,3.55,1.87
IND,TEN,6,1.90,0.00
IND,TEN,6,1.90,0.00
JAC,LA,6,1.90,7.00
JAC,LA,6,1.67,0.00
JAC,LA,6,1.90,7.00
JAC,LA,6,2.19,0.00
JAC,LA,6,1.90,0.00
JAC,LA,6,1.48,0.00
JAC,LA,6,1.76,0.00
JAC,LA,6,1.57,0.00
JAC,LA,6,2.61,1.72
JAC,LA,6,1.90,0.00
JAC,LA,6,2.99,2.51
JAC,LA,6,1.43,2.51
JAC,LA,6,1.62,0.00
JAC,LA,6,1.90,1.72
KC,PIT,6,1.48,-2.00
KC,PIT,6,3.93,2.26
KC,PIT,6,2.28,0.00
KC,PIT,6,3.18,0.00
KC,PIT,6,1.90,0.00
KC,PIT,6,1.90,0.00
KC,PIT,6,1.90,0.00
KC,PIT,6,1.19,0.00
KC,PIT,6,1.57,7.00
KC,PIT,6,2.28,2.76
KC,PIT,6,2.80,0.00
LA,JAC,6,1.85,0.00
LA,JAC,6,3.32,1.64
LA,JAC,6,1.90,0.00
LA,JAC,6,2.33,7.00
LA,JAC,6,1.81,0.00
LA,JAC,6,1.29,0.00
LA,JAC,6,1.95,0.00
LA,JAC,6,1.24,2.09
LA,JAC,6,1.90,0.00
LA,JAC,6,3.32,0.00
LA,JAC,6,2.23,2.84
LA,JAC,6,2.80,0.00
MIA,ATL,6,1.34,0.00
MIA,ATL,6,1.81,0.00
MIA,ATL,6,2.80,0.00
MIA,ATL,6,1.90,3.04
MIA,ATL,6,1.90,7.00
MIA,ATL,6,3.03,7.00
MIA,ATL,6,2.99,2.07
MIA,ATL,6,2.33,2.62
MIA,ATL,6,1.24,0.00
MIN,GB,6,1.76,0.00
MIN,GB,6,1.48,0.00
MIN,GB,6,3.46,7.00
MIN,GB,6,3.46,4.40
MIN,GB,6,1.48,7.00
MIN,GB,6,1.57,2.52
MIN,GB,6,1.90,0.00
MIN,GB,6,1.90,2.68
MIN,GB,6,1.52,2.71
MIN,GB,6,3.79,1.79
MIN,GB,6,1.34,0.00
MIN,GB,6,3.13,0.00
MIN,GB,6,1.10,0.00
NE,NYJ,6,1.90,0.00
NE,NYJ,6,2.94,4.17
NE,NYJ,6,1.90,0.00
NE,NYJ,6,1.05,7.00
NE,NYJ,6,1.71,1.07
NE,NYJ,6,2.75,2.20
NE,NYJ,6,2.47,7.00
NE,NYJ,6,1.90,7.00
NE,NYJ,6,2.04,2.86
NE,NYJ,6,1.67,0.00
NE,NYJ,6,1.52,0.00
NE,NYJ,6,3.03,0.00
NO,DET,6,1.90,0.00
NO,DET,6,1.90,7.00
NO,DET,6,1.10,2.51
NO,DET,6,3.98,7.00
NO,DET,6,1.90,7.00
NO,DET,6,0.77,0.00
NO,DET,6,1.95,1.95
NO,DET,6,2.89,7.00
NO,DET,6,3.37,1.97
NO,DET,6,1.62,0.00
NO,DET,6,1.15,0.00
NO,DET,6,2.19,0.00
NO,DET,6,0.96,-0.11
NO,DET,6,1.90,0.00
NO,DET,6,2.85,0.00
NO,DET,6,3.32,0.00
NYG,DEN,6,1.85,2.89
NYG,DEN,6,2.14,0.00
NYG,DEN,6,1.90,7.00
NYG,DEN,6,2.37,0.00
NYG,DEN,6,1.90,0.00
NYG,DEN,6,1.90,0.00
NYG,DEN,6,2.47,1.94
NYG,DEN,6,2.75,2.07
NYG,DEN,6,2.56,0.00
NYG,DEN,6,0.77,0.00
NYG,DEN,6,3.51,2.55
NYJ,NE,6,1.29,7.00
NYJ,NE,6,0.91,0.00
NYJ,NE,6,1.76,7.00
NYJ,NE,6,2.52,0.00
NYJ,NE,6,2.00,0.00
NYJ,NE,6,1.76,0.00
NYJ,NE,6,2.47,2.37
NYJ,NE,6,1.90,0.00
NYJ,NE,6,1.38,2.42
NYJ,NE,6,1.90,4.96
NYJ,NE,6,2.37,2.85
NYJ,NE,6,2.00,0.00
OAK,SD,6,1.19,1.90
OAK,SD,6,2.52,7.00
OAK,SD,6,2.37,0.00
OAK,SD,6,1.85,0.00
OAK,SD,6,2.61,2.37
OAK,SD,6,2.42,4.26
OAK,SD,6,1.76,0.00
OAK,SD,6,3.13,0.00
OAK,SD,6,2.37,7.00
OAK,SD,6,1.95,0.00
PHI,CAR,6,1.90,3.79
PHI,CAR,6,1.43,2.01
PHI,CAR,6,1.90,0.00
PHI,CAR,6,1.24,0.00
PHI,CAR,6,1.90,0.00
PHI,CAR,6,4.88,7.00
PHI,CAR,6,4.64,7.00
PHI,CAR,6,1.90,2.14
PHI,CAR,6,1.52,0.00
PHI,CAR,6,1.90,7.00
PHI,CAR,6,1.90,0.00
PHI,CAR,6,1.48,0.00
PHI,CAR,6,2.99,0.00
PIT,KC,6,1.90,0.00
PIT,KC,6,1.90,7.00
PIT,KC,6,2.28,2.46
PIT,KC,6,0.77,2.90
PIT,KC,6,1.52,0.00
PIT,KC,6,1.24,0.00
PIT,KC,6,0.91,0.00
PIT,KC,6,1.90,7.00
PIT,KC,6,1.85,0.00
PIT,KC,6,2.99,0.00
SF,WAS,6,1.90,0.00
SF,WAS,6,2.56,0.00
SF,WAS,6,1.34,0.00
SF,WAS,6,1.90,0.00
SF,WAS,6,1.67,0.00
SF,WAS,6,1.90,7.00
SF,WAS,6,1.90,1.94
SF,WAS,6,3.08,2.26
SF,WAS,6,5.92,7.00
SF,WAS,6,1.90,0.00
SF,WAS,6,1.90,7.00
SF,WAS,6,1.67,0.56
TB,ARI,6,1.90,0.00
TB,ARI,6,1.90,0.00
TB,ARI,6,1.90,0.00
TB,ARI,6,1.90,0.00
TB,ARI,6,1.90,1.26
TB,ARI,6,1.90,7.00
TB,ARI,6,3.46,0.00
TB,ARI,6,2.47,7.00
TB,ARI,6,0.77,0.77
TB,ARI,6,2.14,7.00
TB,ARI,6,2.37,7.00
TEN,IND,6,2.61,2.14
TEN,IND,6,1.90,2.78
TEN,IND,6,1.01,2.55
TEN,IND,6,1.90,0.00
TEN,IND,6,1.95,1.95
TEN,IND,6,1.90,2.14
TEN,IND,6,2.33,0.00
TEN,IND,6,3.98,2.91
TEN,IND,6,1.34,7.00
TEN,IND,6,1.90,7.00
TEN,IND,6,1.34,7.00
SD,OAK,6,1.81,0.00
SD,OAK,6,4.03,2.14
SD,OAK,6,1.90,0.00
SD,OAK,6,1.05,0.00
SD,OAK,6,1.57,7.00
SD,OAK,6,1.24,0.00
SD,OAK,6,1.62,0.95
SD,OAK,6,2.66,7.00
SD,OAK,6,1.90,0.00
SD,OAK,6,1.10,2.78
WAS,SF,6,1.90,7.00
WAS,SF,6,1.38,0.00
WAS,SF,6,2.00,0.00
WAS,SF,6,2.42,7.00
WAS,SF,6,1.38,0.82
WAS,SF,6,1.43,2.14
WAS,SF,6,1.90,0.00
WAS,SF,6,2.47,2.47
WAS,SF,6,1.90,2.93
WAS,SF,6,1.48,7.00
WAS,SF,6,3.27,0.00
WAS,SF,6,2.37,0.00
